day,symbol
2025-06-18,APVO
2025-06-18,LSE
2025-06-18,STSS
2025-07-18,VLCN
2025-08-04,HCTI
2025-09-23,FLD
2025-09-24,SHFS
2025-09-24,TNFA
2025-09-25,EVAX
2025-09-25,SPRC
2025-09-26,BIAF
2025-09-26,MGN
2025-09-26,MRM
2025-09-29,MSS
2025-09-29,POAI
2025-12-05,QCLS
2025-12-05,WHLR
2025-12-10,ASPC
2025-12-10,BBGI
2025-12-11,BTTC
2025-12-11,CRBP
2025-12-11,MIGI
2025-12-12,JZXN
2025-12-15,AMCI
2025-12-15,ARTV
2025-12-15,CGC
2025-12-15,RADX
2025-12-17,MBRX
2025-12-17,PCSA
2025-12-18,ATHA
2025-12-18,LHAI
2025-12-18,PAVS
2025-12-19,AZI
2025-12-22,AZI
2025-12-26,AMCI
2025-12-29,WOK
2025-12-31,ESHA
2025-12-31,INBS
2026-01-05,MNTS
2026-01-06,ALMS
2026-01-06,ELAB
2026-01-06,OPTX
2026-01-08,ACON
2026-01-08,FLYX
2026-01-09,APVO
